-1811.48,-2193.57
-1706.34,-1538.44
-1402.49,-2767.46
-568.691,-1915.16
-1648.0,-2485.42
1350.18,-2211.69
-608.486,-713.604
56.4492,-2287.43
2769.2,-2135.78
-1155.46,-2055.88
-1364.84,-2549.26
1209.12,-945.556
805.244,-2213.31
255.754,-1253.16
-1460.94,-2499.6
-1458.49,-1100.82
-1494.22,-2602.12
4338.92,-2868.79
200.919,-800.916
4472.98,-2787.04
-1351.09,-2469.09
-929.818,-2076.62
3281.1,-1714.19
-1439.24,-2678.86
4139.89,-2715.38
-364.134,-2516.56
4158.51,-1890.93
-1331.69,-2707.26
-1696.07,-2317.56
-1445.7,-2327.06
-885.044,-2667.02
-386.449,-1886.42
264.665,-2261.41
-509.592,-1537.33
2503.36,-1300.43
2026.37,-1852.61
-1007.37,-1944.04
-969.847,-2713.02
3224.95,-2870.11
1806.07,-2380.01
-271.356,-2468.8
-1316.64,-2394.26
3568.96,-2407.87
4155.21,-1806.09
-1640.8,-1871.53
-1088.13,-1986.9
-1129.87,-2769.57
3305.37,-1581.77
-1253.79,-2758.42
-1714.35,-2225.72
2743.43,-2721.86
648.245,-1477.11
875.767,-1672.45
-715.712,-1801.06
-1508.91,-2405.43
4214.28,-1764.28
-1621.89,-1428.28
-1142.95,-919.0
2289.19,-1573.79
-1035.55,-2787.42
157.916,-1781.06
1425.0,-1689.35
4385.11,-2797.45
-1816.68,-2284.7
-1175.87,-2689.37
-297.581,-1361.59
-1624.02,-2571.54
-203.138,-1333.99
-178.74,-885.377
-1672.62,-2404.09
-784.625,-2626.9
-1497.15,-2259.44
-4978.81,2881.06
-4366.64,-2281.18
-4305.88,3480.74
-4641.67,-456.366
-4667.57,3436.71
-4436.33,3722.22
-5105.54,-1542.26
-5022.51,-1625.21
-4760.02,3555.78
-5144.24,1856.4
-4475.61,3129.26
-4623.43,3207.29
-4978.37,1913.04
-5104.84,-1686.85
-4506.32,3431.0
-4585.65,3484.71
-4588.34,3119.12
-5212.57,-199.126
-5171.48,-1608.42
-4342.51,3254.45
-4580.9,3374.15
-4420.56,3516.88
-4553.99,3683.59
-4441.38,-2730.04
-5051.45,-1441.15
-4377.68,3418.43
-4976.78,-1528.59
-5191.62,-1480.47
-4758.95,3256.83
-4941.0,2367.82
-5011.81,863.125
-5235.06,795.359
-4352.47,-2607.2
-5036.07,-1089.62
-4476.09,3338.68
-4911.74,-1241.56
-4372.03,-2791.73
-4819.66,3320.83
-5238.28,-523.137
-5236.77,898.912
-4861.8,1719.79
-4659.72,2999.09
-5206.24,-1116.97
-4384.33,-2890.37
-4725.02,-1978.12
-5124.28,-360.67
-4660.46,-2064.36
-4492.86,-2635.38
-5256.3,1591.78
-4519.65,3584.2
-4679.41,3338.17
-4475.25,-2838.06
-5086.58,372.84
-4962.96,-1404.5
-4526.32,3225.92
-4711.03,3162.46
-4440.66,3244.28
-4323.08,3673.21
-5320.58,608.5
-4781.82,2949.62
-4773.38,594.384
-4512.53,-1321.17
-4647.48,3619.22
-4932.07,-348.555
-4273.58,3392.36
-5166.23,185.31
-4808.64,3463.57
-4317.87,-2702.65
-4255.65,3585.74
-4370.4,-1875.1
-4420.54,3624.23
-4590.07,3289.91
971.505,-1084.98
-491.402,-77.267
552.455,-947.256
732.695,-801.036
-1057.93,-1261.08
-1248.59,-1892.92
-877.366,-1400.89
-588.496,201.565
1029.13,-983.387
-552.151,-132.453
-662.587,-939.815
-999.027,-2450.62
-614.699,244.492
-159.674,-98.3993
-905.133,22.3555
191.107,89.2058
388.716,-1000.67
-406.384,-110.361
-1333.56,-2057.39
277.621,-76.0538
-822.456,-325.645
-911.011,-1176.43
295.552,-955.832
-974.006,-671.649
-812.114,-2181.19
-692.389,-366.601
481.392,-744.26
-1127.99,-1468.01
-470.957,-435.073
-633.816,-101.381
331.956,-134.342
-895.998,-1098.27
183.895,-940.439
-793.942,-77.949
1058.63,-1073.58
-1145.41,-2503.54
-597.635,-1328.54
-512.052,-284.909
-74.6658,-80.1287
-541.997,132.964
-1076.84,-2451.82
-675.024,-1038.68
-1189.48,-2425.83
-800.387,-1380.43
-759.655,-2115.24
-818.094,3.96782
-795.593,-490.439
-604.39,-1216.94
118.14,110.983
-392.062,-404.323
-1298.09,-2243.03
-223.281,-533.42
-1069.69,-1353.28
-258.58,-12.9155
-1037.38,-1582.08
-1021.74,-1482.13
894.932,-1049.4
287.157,69.4498
467.839,-662.819
-1155.87,-1392.61
-1302.95,-1966.67
-953.397,-1542.14
-943.616,-578.203
-584.168,-554.646
-451.937,118.538
-334.486,-466.965
-1166.4,-1541.29
324.408,1.04373
-529.069,-490.332
-1331.11,-2150.65
-87.5794,-472.728
-943.44,-60.0964
-3767.23,-6730.88
-4023.84,-6705.71
-3265.64,-4576.36
-3707.12,-6602.4
-533.82,1466.0
-3712.23,-4897.94
-1056.15,1598.2
-3933.66,-5966.64
-3890.76,-5540.19
-3835.25,-6682.2
-2485.31,-2826.84
-3651.41,-5938.23
-3806.47,-6975.16
-3446.83,-6102.06
-1882.5,-1390.72
-3049.6,-3832.96
-2772.09,-2661.84
-3114.84,-3280.46
-3818.21,-6897.7
-2931.62,-3594.82
-3348.13,-4274.21
-3624.88,-6031.41
-947.855,-221.387
-3499.33,-5078.46
-3556.46,-5261.32
-1742.62,106.895
-2243.49,-2621.59
-3819.77,-7074.21
-3915.78,-7107.08
-1677.2,635.759
-3486.23,-4071.97
-2981.58,-4417.15
-2272.68,-1443.52
-3932.7,-6808.36
-4074.14,-6350.9
-1102.53,1543.66
-3128.3,-5004.67
-2034.87,-1333.93
-4012.3,-6799.18
-3444.1,-5846.52
-3459.06,-6228.87
-3744.62,-6136.6
-1753.02,-1270.05
-4053.07,-6955.77
-3642.28,-5735.28
-2822.95,-2477.85
-1765.9,332.762
-3946.61,-6561.55
-3813.65,-6524.51
-1665.46,567.776
-995.739,1437.32
-3685.02,-4724.95
-3472.13,-4852.59
-4113.01,-6528.51
-3153.34,-5461.64
-4017.84,-7036.28
-3509.96,-6161.15
-3722.25,-6231.44
-4084.07,-6619.85
-2743.37,-3621.16
-4135.66,-6937.52
-3748.33,-6447.02
-3623.61,-6568.39
-3603.08,-5501.77
-3583.93,-6489.43
-4088.3,-6441.63
-3896.31,-6386.82
-3888.09,-6987.68
-4149.67,-6762.5
-3811.93,-6348.95
-3878.26,-6752.98
-1329.65,-133.876
1805.5,-2110.69
3796.56,-3132.21
3573.42,-2971.81
2948.89,-2216.74
2872.09,-2578.45
776.466,-2006.45
3773.71,-3041.11
3360.72,-2543.25
1396.64,-1899.08
2824.94,-2290.71
2688.08,-1659.56
3546.2,-2745.91
1150.88,-1536.55
1746.03,-2037.07
1030.21,-1287.93
925.982,-1368.32
3878.16,-3075.86
3718.17,-2727.21
999.053,-1822.42
2664.2,-1629.49
3352.91,-2776.53
2207.26,-1707.43
2410.08,-1429.03
3416.74,-2847.17
2780.94,-1935.1
3643.48,-3062.45
3668.7,-2965.46
3571.59,-2886.75
3847.19,-2869.21
1301.62,-1601.85
1238.41,-1793.55
1448.18,-1899.88
2077.06,-2011.31
3634.2,-2752.76
818.712,-1827.53
3185.65,-2602.71
833.829,-1326.17
1739.47,-1550.31
2859.87,-1977.67
2169.61,-1977.12
3474.9,-2633.12
1562.14,-1126.88
3185.6,-2281.92
1846.89,-1570.06
3646.59,-3113.72
2122.43,-1730.72
1155.85,-1708.51
3031.5,-2095.89
3025.92,-2687.96
2102.26,-1242.74
757.003,-1898.81
854.985,-1945.8
3330.11,-2453.61
1680.26,-1097.56
2050.97,-2532.59
2052.02,-1686.86
3484.36,-2912.25
1058.26,-1589.96
2362.57,-1844.43
2094.04,-1591.16
1786.43,-1149.12
3068.98,-2504.28
1484.87,-1067.57
913.65,-1851.39
851.23,-1442.43
3696.65,-2644.58
3619.43,-2594.25
2622.02,-2050.93
2795.75,-1267.12
920.868,-1264.89
1670.13,-1974.68
3376.68,-2376.8
-273.422,7177.95
-145.702,7064.13
-615.352,6703.72
-120.581,6871.09
-615.418,6991.18
-628.982,7592.16
-408.246,6936.69
-11.5295,7286.33
-388.354,6624.74
-313.085,7386.79
-166.222,6771.18
-167.452,7692.11
-139.594,7161.47
-481.742,7613.2
-506.729,7429.67
-475.627,7706.08
-59.4023,7166.82
-508.608,7202.89
-291.653,7305.14
-318.739,6710.14
-67.8034,7077.37
-655.514,7271.44
-209.733,7278.52
-648.311,6824.39
-409.934,7410.79
-382.172,7316.46
-219.629,7367.37
-195.06,6943.27
-752.03,7199.83
-537.349,7013.48
-559.559,7523.01
-572.773,6554.66
-548.34,6641.59
-579.652,6902.44
-473.074,6564.53
-356.722,7179.31
-325.136,6811.45
-339.673,7477.55
-414.468,7512.19
-581.299,7302.37
-228.337,7110.99
-215.861,7463.48
-517.874,6758.91
-432.379,6749.17
25.3836,7008.06
-141.35,7336.06
-617.071,7090.8
-255.352,6865.22
-429.681,7220.32
-674.315,6929.9
-659.169,7177.37
-267.949,7559.96
-353.479,7044.69
-680.201,7520.88
-280.261,6992.56
-710.652,7105.04
-455.703,6675.11
-180.099,7601.67
34.1982,7213.69
-394.294,6853.4
-591.482,7419.26
-18.7737,7463.62
-478.696,6868.82
50.0629,7388.88
-734.389,7328.6
-567.254,7669.35
-231.736,6697.57
-349.075,7581.08
-281.995,7657.88
55.1295,7103.74
-730.694,7017.85
-430.316,7083.11
11457.2,-1258.39
10511.2,-2123.4
10770.1,-1941.44
10782.3,-1689.52
10842.1,-1388.56
10923.8,-1165.69
11070.4,-1930.33
11276.7,-1625.89
10717.7,-1847.07
11274.8,-1095.97
10942.3,-1330.21
10999.9,-1658.0
10980.0,-1230.95
11285.9,-1785.4
10634.4,-1331.31
11455.5,-1766.53
11398.0,-1835.15
11368.6,-1459.2
11323.7,-1705.06
10691.9,-2028.72
10873.8,-1266.99
11413.5,-1173.78
10840.9,-1858.75
10660.3,-1900.04
10831.7,-1012.68
11562.5,-1487.52
10639.4,-1234.16
11118.2,-1523.86
11435.5,-1508.31
11516.3,-1672.69
10580.7,-2024.77
11039.1,-1497.04
11011.9,-1134.8
10685.8,-1603.2
11574.4,-1588.79
10985.6,-1752.52
10875.2,-1763.49
11235.1,-1315.65
11039.8,-966.482
11084.5,-1244.45
10751.0,-2119.89
11161.8,-1268.15
10932.4,-1541.96
10722.2,-1373.12
10563.6,-1899.61
10855.9,-1578.55
10976.3,-1403.96
10841.9,-1151.14
10661.2,-2156.44
11355.1,-1263.79
11133.0,-1442.62
10884.4,-2077.92
11168.8,-1185.82
11389.5,-1355.97
10695.8,-1693.1
10896.8,-1990.82
11226.2,-1017.03
11151.8,-1640.29
11114.7,-1717.83
11129.3,-1014.38
10941.1,-1917.37
10725.6,-1271.68
11308.1,-1869.66
11393.3,-1585.76
11267.3,-1534.62
11107.6,-1807.77
10768.8,-1578.04
11276.6,-1428.66
10503.3,-1975.73
11077.8,-1333.13
10870.3,-1484.63
10943.9,-1076.06
-684.074,920.843
-2704.49,-5856.1
-2604.23,-4172.36
-3171.34,-6651.03
-2974.56,-6559.2
-3296.94,-6087.69
-3082.75,-6491.34
-736.582,1171.3
-3455.51,-5462.41
-372.505,583.127
-2429.89,-3615.53
-3399.44,-6349.84
-2770.25,-5719.97
-368.177,29.572
-2220.78,-2960.87
-3317.21,-6246.91
-2959.07,-6306.74
-2892.54,-2990.93
-2907.9,-5752.83
-2738.16,-5207.82
-3309.74,-5123.46
-2801.03,-3085.85
-2689.39,-4951.45
-3088.73,-6678.86
-1893.79,-1193.45
-3113.84,-6420.17
-3409.74,-6499.33
-3277.33,-6707.85
-1826.48,-1085.92
-3336.61,-6538.02
-2886.99,-5652.43
-3256.64,-6561.69
-267.489,-257.4
-2452.94,-1898.48
-155.26,996.973
-2011.82,-2117.14
-2465.07,-3470.67
-741.622,1503.57
-3215.65,-4384.44
-3319.26,-4911.64
-3335.59,-6652.14
-3058.53,-6597.4
-1192.77,-418.622
-3003.76,-6446.96
-2813.89,-5044.4
-928.794,-862.643
-3353.94,-5557.37
-1512.66,-1770.58
-3456.64,-6587.39
-3265.69,-6168.17
-2401.95,-2387.87
-3230.19,-3745.22
-2917.98,-6415.14
-2898.15,-3917.58
-3346.71,-6411.92
-3431.44,-6658.17
-720.962,1597.81
-3353.2,-5703.75
-3193.85,-6733.24
-3459.32,-5634.38
-2801.74,-5325.84
-3445.28,-5992.12
-3166.64,-4692.09
-2754.87,-5518.2
-3451.13,-6408.96
-655.884,1655.21
-687.257,1098.53
-2937.72,-6208.89
-3183.5,-6523.33
-2596.41,-4314.57
-2785.5,-6216.96
-2105.66,-2733.17
-10285.9,2899.18
-10139.2,2790.66
-10044.0,2100.66
-9422.03,2230.26
-10019.6,2688.22
-9541.09,2041.39
-9780.29,2540.75
-9841.7,2100.81
-9836.99,2475.2
-9701.03,2759.83
-9300.17,2378.62
-9549.15,1953.44
-10201.6,2941.29
-10016.1,2493.1
-9546.97,2362.92
-10059.0,2597.31
-10119.8,2116.73
-10286.8,2336.7
-9591.8,2588.16
-10098.4,2683.9
-9625.7,2709.03
-9672.95,2253.51
-10005.7,2275.4
-10319.1,2462.75
-9627.39,2429.37
-10259.2,2725.91
-9957.14,2120.5
-9515.2,2554.9
-9246.43,2190.19
-10187.2,2855.1
-9798.88,2283.43
-10118.8,2509.61
-9486.88,2270.3
-9974.67,2421.61
-10079.3,2851.8
-9666.26,2552.28
-9995.69,3008.55
-10083.1,2309.47
-9984.83,2924.25
-9733.78,2680.29
-10239.5,2410.37
-9903.31,2920.71
-9389.73,2393.64
-9604.83,2297.87
-9874.45,2226.68
-9672.45,2353.18
-9894.55,2535.41
-10161.7,2635.16
-9701.49,2070.75
-9269.38,2270.29
-9770.47,2380.97
-9973.05,2788.81
-9848.49,2805.73
-9468.55,2117.91
-9803.56,2177.07
-10220.3,2548.83
-9547.17,2201.16
-10304.8,2805.17
-9323.89,2151.45
-10051.1,2384.43
-9355.44,2271.04
-9880.86,2720.92
-9808.52,2640.52
-9633.23,1997.22
-9560.92,2482.57
-9977.48,2619.2
-9723.61,2490.51
-9444.67,2037.66
-10054.3,2203.44
-9875.11,2318.99
-10221.5,2278.49
-9696.22,1945.52
1952.73,-476.259
1663.88,3.12433
3472.99,-1955.93
3821.43,-2465.12
3202.91,-1967.24
1706.24,-326.599
1472.51,217.038
1605.2,245.59
1263.04,-300.516
1892.56,-750.779
1364.01,-228.004
1602.1,154.95
3544.04,-2264.6
1122.09,-320.744
3651.98,-2154.61
2461.39,-1595.5
1700.71,350.208
3136.45,-1721.97
1474.64,-89.1417
3496.26,-2475.06
1611.04,-559.02
1708.1,229.595
1713.24,132.027
1536.67,-1259.59
1953.55,-821.929
3730.52,-2383.28
1635.6,-1276.84
2079.61,-1031.89
1241.7,-198.941
1415.61,6.9811
1423.98,338.113
3814.28,-2297.37
1620.51,-125.444
2813.76,-1538.55
1943.12,-954.865
1809.41,156.357
1303.3,-636.422
2822.38,-1398.87
1654.69,-240.846
3692.57,-2456.22
1514.9,-546.615
1386.48,-587.172
3659.49,-2305.48
2307.95,-1276.2
2255.36,-1067.72
1620.66,-649.444
1539.4,28.3546
2991.0,-1531.93
3116.74,-1879.33
1510.15,430.576
1513.74,-440.21
1479.24,-366.536
1600.77,406.484
1543.01,319.731
1456.8,-255.22
1716.22,-614.383
2689.76,-1356.98
3388.18,-1880.74
1338.55,-328.489
1627.56,-383.828
1394.63,-486.611
1870.54,-402.616
1377.99,-943.445
3746.18,-2212.71
1464.93,133.753
2958.93,-1749.57
1719.75,441.304
1160.32,-408.47
3854.55,-2380.59
1669.07,-493.649
1755.81,-695.636
1146.73,-228.552
-2631.54,-2530.34
-5030.17,-2485.21
-2048.83,-2351.52
736.905,-1069.86
-2606.61,-2074.35
-4014.31,-2414.91
-2735.88,-2807.94
-188.365,-1668.65
-811.049,-1949.06
-3092.9,-2601.46
-102.57,-1623.75
-3345.35,-2937.68
731.047,-992.511
-5064.31,-3401.74
-5249.9,-3287.46
-5142.06,-2546.98
-3892.29,-2984.72
-4146.45,-3152.0
-5111.94,-3331.64
-5144.04,-3055.54
-4890.41,-3264.76
-5051.68,-2574.72
-4782.2,-3371.42
957.134,-1509.85
-4511.57,-3250.73
-5504.14,-3144.59
-874.725,-1768.59
-3457.9,-2769.43
-4835.02,-2920.04
-5169.15,-3206.39
-1550.83,-2062.2
-2035.25,-2507.05
-3410.06,-2042.07
-1834.27,-2035.43
-371.957,-1516.06
632.807,-1081.65
-4594.76,-3236.12
-3190.94,-2817.14
-5425.59,-3158.36
-4789.28,-3045.61
-4722.12,-3451.36
-1163.34,-2226.41
-4670.4,-2707.98
-4954.94,-3474.45
-4290.85,-3514.58
-3628.71,-3130.72
-4184.39,-3527.33
-5434.79,-2991.8
-317.47,-1101.02
-4670.19,-3274.94
-5317.85,-3228.51
339.741,-1425.22
-4788.81,-3148.57
-4756.98,-2958.79
1016.35,-1457.13
-1032.63,-2153.44
-4784.91,-3264.88
-1197.32,-1258.05
-525.167,-1708.91
-5135.94,-2639.45
-4574.42,-3436.41
-4008.31,-3418.05
-2024.86,-1533.94
-5222.78,-2667.91
-5018.05,-2897.15
-4982.26,-2998.46
-4949.14,-3201.1
-5054.48,-3135.93
-5048.22,-3483.28
-2428.49,-2189.28
-4416.29,-3503.24
-4345.97,-3271.97
8528.77,-739.455
8522.88,-835.895
8564.31,-956.114
8432.64,-1390.3
8411.71,-667.879
8106.61,-1187.57
8807.68,-1044.02
8625.24,-796.575
8234.7,-682.895
8215.85,-1391.79
8096.53,-1236.52
8333.02,-1542.39
8111.08,-1333.91
7869.31,-1094.57
7771.81,-1441.41
7755.0,-1315.16
8294.64,-1083.51
8783.99,-944.743
7959.09,-1346.07
7923.02,-1187.43
8675.38,-1251.91
7834.5,-1343.03
8754.57,-1286.87
8698.95,-1000.14
8275.42,-1004.48
8584.53,-1232.79
8338.11,-1411.98
7693.29,-1388.55
8531.96,-1398.66
8523.56,-1098.53
8714.17,-1103.13
8267.37,-893.03
8485.28,-1235.32
8562.7,-1310.42
8455.35,-1318.29
8373.59,-816.254
8604.45,-1036.71
8283.5,-1479.78
8721.5,-862.504
8419.76,-893.78
8455.57,-1042.81
8069.62,-1426.21
8226.02,-1178.96
8039.03,-1037.91
7908.09,-1419.14
7948.84,-1009.98
8659.56,-1349.04
7696.45,-1492.94
8341.03,-942.886
7966.75,-1102.04
8201.42,-1494.02
8618.37,-1117.79
8172.33,-1095.37
8274.71,-806.064
7843.88,-1512.34
8652.41,-694.428
8816.62,-832.167
8336.83,-730.253
8443.94,-761.807
8222.33,-1302.29
8732.12,-761.841
8425.69,-1485.44
8170.55,-872.523
8192.05,-969.959
7985.61,-1460.38
8647.76,-908.585
8364.05,-1302.72
8536.82,-644.826
8374.06,-1119.39
7725.0,-1220.88
7838.75,-1207.54
8032.0,-1316.29
2510.75,5705.51
1942.7,5816.6
2093.27,5078.45
2231.63,5002.42
1973.36,5609.6
2160.77,5284.03
2084.96,5199.0
2171.49,5204.0
2425.78,5871.65
1854.66,5559.32
2736.4,5927.18
2574.17,5636.98
2271.17,5364.05
2609.15,5834.23
1912.16,5457.27
2682.38,5914.38
2305.85,5509.62
2191.08,5927.15
2404.39,5540.18
2027.32,5316.2
2578.06,5462.36
2281.53,5991.64
2184.89,5377.75
2369.57,5636.9
2828.25,5677.01
2514.31,5809.02
1973.35,5377.61
1822.14,5486.21
2390.01,5429.67
2460.58,5463.75
2717.92,5518.88
2683.33,5742.68
2628.85,5541.52
2423.07,5982.48
2590.34,5942.54
2215.18,5446.15
2734.54,5664.26
2556.81,5369.69
2762.49,5429.37
2283.31,5588.22
2531.28,5544.82
1952.63,5222.97
2286.8,5158.92
2145.91,5478.68
2803.16,5561.56
2184.39,5825.82
1696.84,6555.71
2347.33,6059.78
2598.55,5735.83
2284.5,5849.16
2004.96,5887.41
2191.48,5617.28
2114.62,5573.04
2388.79,5256.53
2744.59,5812.74
2458.31,5615.32
2109.87,5911.77
2068.87,5816.12
2303.56,5271.7
2011.48,5159.7
2661.74,5417.24
2255.21,5762.98
2041.64,5682.79
2057.45,5426.35
2881.57,5655.3
2369.82,5170.64
2404.82,5784.17
1938.29,5689.32
2506.71,5906.16
2660.09,5626.01
2352.32,5920.5
2515.13,6015.91
-1750.13,-1772.2
-360.319,-850.497
-1850.76,-1589.21
1183.84,325.863
236.451,418.8
1654.16,-840.002
-24.5989,76.268
-1904.14,-1685.66
-1314.57,-875.312
-1236.48,-1095.01
-403.783,325.201
1514.81,-823.856
-2229.48,-1677.46
363.177,436.437
-1603.79,-1636.07
-831.567,-991.073
2996.45,-725.779
-517.913,-813.674
276.939,495.707
3013.36,-845.966
-3136.44,-1751.36
2456.79,-741.294
-1817.47,-1840.24
2368.66,-254.345
2851.31,-651.494
-2118.61,-1851.41
-1870.8,-1768.61
1907.46,-598.666
923.919,-399.858
727.041,-570.802
156.655,-426.86
-2172.3,-1593.82
-1351.38,-1360.87
1103.34,369.688
-1526.78,-1234.07
-827.946,-681.577
3093.59,-888.764
-1609.84,-683.706
-1022.78,-1045.0
1969.35,-56.0344
-1814.18,-1670.58
-2048.94,-1787.14
1582.63,-881.613
-686.018,-237.22
-1679.72,-762.003
255.033,-365.706
1082.01,-623.633
-1540.18,-1321.75
3085.73,-776.443
-1313.97,-1176.46
740.024,-334.171
2907.99,-840.051
-1532.79,-1558.93
1244.98,-500.878
2100.2,-660.164
-1398.77,-1437.22
-996.301,-427.359
533.676,-312.421
-2129.58,-1700.62
280.223,-648.13
-717.485,-807.959
-1717.46,-1666.64
-1406.65,-491.169
343.276,224.984
-173.941,-704.702
1728.92,-879.835
-1136.54,-203.373
-2185.32,-1781.84
1257.72,-785.067
-1122.24,-572.458
-817.061,204.762
904.272,-653.202
3735.59,-1792.96
3615.98,-1308.12
4290.68,-1903.49
4385.08,-1733.87
3898.23,-1430.06
3435.35,-2128.67
2533.89,-1064.74
4642.32,-1880.33
4494.09,-1502.85
4558.94,-1428.45
2967.41,-1163.32
2669.74,-913.504
3979.23,-1672.0
4303.7,-1431.78
2880.47,-1109.9
3875.77,-1832.79
3813.7,-1922.09
2637.43,-1077.51
3061.19,-1052.6
3726.29,-1949.88
2489.0,-942.022
3520.48,-2084.45
3855.89,-1268.32
4257.77,-2080.05
4078.09,-2100.83
3828.24,-1490.44
4496.8,-1974.48
4410.54,-1475.74
4192.38,-1359.05
4313.16,-2257.97
3609.96,-1684.82
4515.06,-1870.12
2705.47,-1001.41
4036.67,-1787.36
3631.63,-1973.15
3900.9,-1558.11
2567.27,-1148.09
4360.27,-2236.87
3447.3,-1513.91
3365.86,-2074.8
4088.11,-1518.42
2605.97,-990.162
4396.38,-1381.59
3546.86,-1253.74
4056.1,-1539.27
4036.93,-1896.9
3277.09,-1108.37
4616.95,-2161.94
3907.58,-1336.36
4548.55,-1751.24
4606.34,-1515.81
4348.81,-2108.56
4010.66,-1319.34
4689.5,-1800.22
3993.36,-2059.42
4584.11,-2079.55
4169.68,-2125.88
3336.83,-1427.88
4667.51,-1636.45
4372.39,-1824.73
4657.63,-1980.78
4455.67,-2059.06
4020.19,-2304.11
4371.42,-2025.56
4599.51,-1807.65
4282.51,-1325.71
4621.49,-1612.81
3530.12,-1631.65
3045.9,-1225.14
3716.19,-1705.03
4024.65,-2439.62
3911.98,-1733.82
1446.84,2420.3
536.614,4182.3
1228.86,2609.71
1214.13,2382.06
1148.37,3580.69
1249.77,2838.91
1030.15,3659.38
1207.84,4381.86
1469.19,2499.98
812.856,4650.44
1403.48,2837.23
590.258,4918.66
902.874,4676.16
765.442,4061.52
1092.84,2458.25
1499.07,2745.41
1246.53,3170.99
1116.6,3408.12
1350.84,2767.71
1260.95,3269.58
563.002,4088.07
1129.52,2559.42
654.657,4137.75
577.826,4827.93
1269.11,2525.1
1287.23,2999.18
966.927,3995.45
953.611,4286.92
1359.4,3087.86
359.853,4136.52
1569.37,3908.97
1195.04,2751.2
1474.08,4735.11
1134.84,2673.21
851.246,3895.28
694.256,4394.2
1560.63,2641.28
1090.38,2746.86
777.384,4787.31
1403.53,3466.31
1355.59,2627.73
697.025,4923.88
1056.42,5015.66
1343.05,2937.05
822.373,4196.35
1106.13,5012.08
1614.44,2777.47
1591.64,3360.4
1055.34,3825.78
1180.24,2485.08
374.483,4238.74
998.099,4675.34
964.443,4853.27
640.435,4289.82
561.352,4511.4
1347.62,3788.37
1126.98,2349.67
1509.31,3063.08
734.782,4699.86
364.235,4040.21
1089.89,3211.69
1419.29,3309.9
1167.21,3055.59
1246.35,3670.63
1065.17,2901.09
1320.67,4497.18
1401.79,2697.65
1226.49,2932.8
1521.91,2896.82
1555.73,2547.96
1436.17,2600.48
1041.2,4137.83
-3246.11,7450.71
-2827.79,7818.49
-3076.19,7209.69
-2804.58,7672.0
-3122.05,7136.01
-3202.43,7484.06
-3284.08,7852.48
-2910.27,7352.2
-3386.22,7526.62
-3330.95,7083.58
-3411.84,7615.25
-3115.17,7670.57
-2982.18,7388.28
-3635.2,7559.38
-3586.64,7704.57
-2564.21,7818.16
-2848.88,7235.0
-3510.54,7644.61
-3130.1,7773.65
-3046.69,7722.04
-2869.14,7727.7
-2865.54,8017.38
-3285.49,7343.53
-2697.7,8103.45
-3447.86,7850.83
-3268.98,7696.74
-2717.14,7516.43
-2952.67,7502.3
-3348.23,7654.03
-3469.11,7738.49
-3554.69,7789.6
-2772.2,7961.34
-3254.06,7131.69
-2775.81,7455.04
-3364.01,7791.8
-2603.76,7938.57
-2680.01,7812.32
-3420.47,7489.46
-2961.71,7773.39
-2810.06,8096.3
-2852.82,7554.6
-3179.16,7393.58
-2951.7,7583.02
-3560.26,7513.63
-2483.86,7743.21
-3266.11,7605.5
-3354.58,7432.94
-3313.74,7262.63
-2979.59,7235.97
-3041.68,7591.83
-2708.28,7899.87
-3089.3,7485.42
-3178.94,7224.34
-2651.9,7632.78
-2511.45,7650.58
-3170.45,7307.86
-2926.16,7900.99
-3136.17,7911.83
-3365.95,7192.81
-2837.72,7890.58
-3014.1,7147.32
-2701.57,8003.93
-3421.54,7301.14
-2983.9,7665.28
-3453.29,7212.49
-2474.87,7842.39
-3038.71,7303.51
-3578.03,7413.89
-2603.33,7727.91
-3062.01,7385.64
-2767.06,7745.34
-2519.31,7975.31
-3409.96,-6840.01
-3210.95,-5651.54
-3151.59,-6961.61
-2798.52,-6525.76
-2950.57,-6735.22
-2838.56,-6610.74
-3352.57,-6928.74
-3237.82,-6965.42
-2983.9,-4665.4
-3669.22,-6707.83
56.8368,589.115
-3586.35,-6785.64
-2710.37,-3832.24
-2978.75,-5879.57
-3154.76,-6010.56
-2986.07,-5397.79
-2072.56,-2883.08
-3478.13,-7227.45
-375.851,-664.477
-2648.44,-5086.03
-3329.37,-6848.85
-3298.78,-5916.93
-2923.73,-5520.02
-2546.93,-2693.2
-3557.45,-7120.63
-3233.01,-6390.32
-2835.31,-6071.08
-2882.18,-5993.25
-3261.19,-5836.75
-3337.86,-5284.56
-3404.19,-7181.3
306.025,-496.742
-2156.46,-3635.03
1.98236,413.388
-1775.56,-2906.29
-3590.92,-6863.43
-3599.33,-7011.31
-3582.69,-6296.78
-3312.5,-7160.97
-2927.78,-4899.66
-3569.65,-7219.2
-3154.57,-5242.2
-3391.78,-4495.36
-756.374,-1613.6
-2990.75,-6819.52
-3096.34,-6208.58
-3379.47,-7005.58
-3215.13,-6305.06
-1368.75,-1776.49
-3633.73,-7088.8
-2454.07,-3256.29
-3468.47,-6796.75
-506.247,-999.736
-473.685,-1259.06
-3124.2,-3625.62
-1878.18,-2451.4
-3668.94,-6958.43
-674.798,-1475.99
-2766.83,-4150.4
-3561.31,-6706.1
-733.982,-1274.78
-3291.02,-7023.96
-3506.84,-6880.41
-3617.42,-6374.79
-2417.56,-4385.09
-1745.72,-1419.46
-3137.06,-5916.49
19.5327,492.647
-3069.26,-6115.06
-3158.38,-6869.13
-3307.9,-5368.65
-2871.45,-6697.67
-4955.66,-4971.5
-3035.97,-4047.01
-4567.83,-5508.17
-1538.98,-2945.99
-5335.43,-5474.97
-5157.11,-5456.74
-4931.7,-5461.5
-3094.19,-3455.69
-5126.7,-5240.44
-4503.86,-4680.75
-4195.68,-5093.12
-4727.67,-5006.25
-4832.97,-5093.64
-5113.64,-5638.53
-5286.07,-5555.8
-3637.25,-3576.33
-4745.34,-4917.69
-4777.07,-4770.93
-5137.99,-5548.11
-510.418,-2375.0
-2202.7,-3135.18
-4639.36,-4463.05
-5211.09,-5264.63
584.435,-1287.65
-5121.9,-5368.67
-772.3,-2344.19
-3622.11,-4514.85
-1852.04,-2642.08
-3984.74,-4915.68
535.675,-1697.56
-1631.95,-2784.42
-4513.88,-5157.4
-5019.57,-5481.47
-935.533,-2344.03
481.392,-1750.82
-4655.16,-5555.12
-13.1584,-1857.28
-4488.94,-4594.62
-5302.98,-5371.95
-2258.59,-3388.32
-4812.51,-5012.33
-4914.61,-4877.87
-2484.09,-2984.21
-0.960907,-2414.28
-4310.66,-4462.68
-5031.77,-5280.56
-207.153,-1503.52
-638.652,-2786.87
-4506.54,-5326.43
-4589.98,-4688.08
-4589.83,-5311.7
-4496.91,-5238.42
-5020.97,-5660.9
-4144.39,-3933.46
-3459.38,-3506.52
-4909.14,-5378.77
-4678.83,-4662.0
-4321.77,-5246.57
-3950.53,-3948.03
-3606.57,-4311.65
-2616.67,-3089.53
124.022,-2111.66
-4530.89,-5075.58
-4916.73,-5049.28
-1724.88,-3061.46
-4123.69,-4829.81
-246.43,-2140.12
527.513,-1220.78
-4685.64,-4746.37
538.688,-1348.26
-5058.85,-5190.73
-4516.34,-4878.35
823.659,6263.96
-157.793,5425.81
3776.49,3914.84
5277.83,46.0959
-348.553,5543.9
5160.65,840.415
555.305,6699.82
4652.16,2231.48
5201.06,94.917
2062.2,4614.33
3444.07,3520.34
5015.37,628.297
4374.37,1776.4
-234.409,5456.22
1056.94,5999.15
3975.03,2812.19
1272.88,5476.33
1851.78,5071.79
5103.96,87.7029
1667.98,5100.1
652.101,6692.66
1181.93,5507.06
4990.38,1175.21
4763.57,1176.88
4814.19,2205.92
1543.66,5651.22
4483.16,3175.25
2540.11,5165.08
5217.75,233.108
561.569,6800.78
889.688,6093.08
555.238,6508.84
3010.97,4672.62
2887.89,4499.91
2427.14,5002.61
715.542,6546.59
977.636,6047.21
2738.51,3838.63
583.357,6594.79
5183.65,322.688
3609.65,3950.92
-286.03,5612.88
4287.8,2883.69
3146.91,4536.99
5272.42,326.907
486.989,5299.5
4098.13,2911.96
4905.07,536.707
623.803,6430.62
4463.91,1921.03
88.5077,5610.13
2585.24,4903.1
4678.45,897.62
-0.496415,5553.38
5092.17,270.304
1165.85,5808.41
130.054,5196.89
683.412,5660.95
-212.855,5554.02
5341.62,130.991
3541.95,3657.54
1410.2,5887.39
-96.5651,5520.67
5182.08,668.081
4967.2,1337.38
477.75,6733.76
375.523,5712.25
1803.04,5308.53
988.253,5284.23
1675.8,5374.59
765.941,6344.9
57.7205,5270.9
